,0
"('Occupation', 'unique_count')",181
"('Occupation', 'value_counts')","{'Trader': 671, 'Farmer': 605, 'Not Specified': 288, 'Unemployed': 288, 'Seamstress': 243, 'Student': 210, 'Food vendor': 147, 'Hairdresser': 147, 'Okada': 133, 'Driver': 66, 'Teacher': 47, 'Factory worker': 43, 'Mason': 39, 'Simstress': 34, 'Tailor': 32, 'Carpenter': 25, 'Hair dresser': 18, 'Baker': 17, 'Mobile money merchant': 15, 'Business man': 14, 'Electrician': 14, 'Wood carver': 14, 'Pensioner': 12, 'Provision store': 11, 'Hunter': 10, 'Okada rider': 10, 'Mechanic': 10, 'Barber': 9, 'Carver': 9, 'Pensioneer': 9, 'Painter': 8, 'DJ': 8, 'Phone repairer': 8, 'Store keeper': 7, 'Banker': 7, 'Herbalist': 6, 'Shop assistant': 5, 'Repairer': 5, 'Engineer': 4, 'Pharmacist': 4, 'Corn mill worker': 4, 'Shoemaker': 4, 'Construction worker': 4, 'Footballer': 4, 'Galamsey': 4, 'Welder': 4, 'Hairdresser apprentice': 4, 'Contractor': 4, 'Sprayer': 3, 'Seamstress apprentice': 3, 'Chainsaw operator': 3, 'student': 3, 'Plumber': 3, 'Bar owner': 3, 'Boutique owner': 3, 'Voted': 3, 'Tiler': 2, 'Police': 2, 'Pen-tinier': 2, 'farmer': 2, 'Bar attendant': 2, 'Lottery worker': 2, 'Vognizer': 2, 'Food Vendor': 2, 'Yogurt seller': 2, 'Drug seller': 2, 'Corn mill': 2, 'Block layer': 2, 'Shop owner': 2, 'Health worker': 2, 'Company worker': 2, 'Pastor': 2, 'Nurse': 2, 'Electrical engineer': 2, 'Farmer and Okada': 2, 'Shoe maker': 2, 'Store assistant': 2, 'Shop assi': 1, 'Restaurant worker': 1, 'Tyler': 1, 'Steal bender': 1, 'Plaster of paris': 1, 'Factory work': 1, 'Environmental health officer': 1, 'Food processing': 1, 'Poultry farmer': 1, 'Business Man': 1, 'Blacksmith': 1, 'Electrical shop': 1, 'Petrol shell officer': 1, 'Caterer': 1, 'Bookshop owner': 1, 'Lotto worker': 1, 'Scrub': 1, 'Fabricator': 1, 'Hairdtesser apprentice': 1, 'Lottery': 1, 'P .O.P': 1, 'Aluminum facilitator': 1, 'Midwife': 1, 'Stoffing liner': 1, 'Bouquet': 1, 'Okada ridee': 1, 'Steel bender': 1, 'Provision': 1, 'Okaada': 1, 'Shoe marker': 1, 'business man': 1, 'trader': 1, 'engineer': 1, 'Electoral commissioner': 1, 'Tailor and factory': 1, 'Fry gari': 1, 'Haidresser': 1, 'Zoom Lion': 1, 'Sole proprietor': 1, 'Agriculturist': 1, 'Fashion designer': 1, 'Egg seller': 1, 'Meat seller': 1, 'Technician': 1, 'Designer': 1, 'Lottery staker': 1, 'Scraps collector': 1, 'Block seller': 1, 'Chief': 1, 'Teacher and farmer': 1, 'Telecel': 1, 'Facilitator': 1, 'Graphic designer': 1, 'Shop attendant': 1, 'Sand winning': 1, 'Pensioneer and trader': 1, 'Bicycle repairer': 1, 'Unemplyed': 1, 'Hairdersser': 1, 'banker': 1, 'Seanstress': 1, 'Sramstress': 1, 'seamstress': 1, 'Hardware': 1, 'Secretary': 1, 'Undertaker, trader': 1, 'Working': 1, 'MCE': 1, 'Okada and farmer': 1, 'Shop attention': 1, 'Hairdersser apprentice': 1, 'Susu collector': 1, 'Lottery worker,farmer': 1, 'Students': 1, 'Physician assistant': 1, 'Cassava miller': 1, 'Make up artist': 1, 'Butcher': 1, 'Petty trader': 1, 'Hairdressee': 1, 'Satelite installer': 1, 'barber': 1, 'Shoe doctor': 1, 'Security officer': 1, 'Business woman': 1, 'Fresh and dry worker': 1, 'Zoom lion': 1, 'Farmer and food vendor': 1, 'Waiter': 1, 'Medicine seller': 1, 'Auto Mechanic': 1, 'Lotto staker': 1, 'Operator': 1, 'Supplier': 1, 'Farmer , trader': 1, 'Fatmer': 1, 'Gardener': 1, 'Pharmacy': 1, 'Midwifery': 1, 'Electrian': 1, 'Retired teacher': 1, 'Sukrong Bethlehem': 1, 'IT specialist': 1, 'Palm wine tapper': 1}"
"('Occupation', 'top_5_values')","{'Trader': 671, 'Farmer': 605, 'Not Specified': 288, 'Unemployed': 288, 'Seamstress': 243}"
"('Voted_Last_Election', 'unique_count')",2
"('Voted_Last_Election', 'value_counts')","{'Yes': 2363, 'No': 1091}"
"('Voted_Last_Election', 'top_5_values')","{'Yes': 2363, 'No': 1091}"
"('Reason_Not_Voted', 'unique_count')",81
"('Reason_Not_Voted', 'value_counts')","{'No Response': 2566, 'I wasnÂ\x92t interested': 391, 'I had no transportation': 96, 'My name wasnÂ\x92t on the voter list': 70, 'Missing ID': 46, 'I didnÂ\x92t know where to vote': 35, 'Sick': 27, 'Travelled': 20, ""Couldn't transfer vote"": 14, 'I had no transportation, I wasnÂ\x92t interested': 13, 'Busy': 11, 'Was busy': 11, 'I travelled': 11, 'Missing ??': 9, 'Working': 8, 'I wasnÂ\x92t interested, My name wasnÂ\x92t on the voter list': 8, 'No ID': 7, 'Jehovah witness': 7, 'I wasnÂ\x92t interested, I didnÂ\x92t know where to vote': 7, 'Was sick': 6, 'Was busy with work': 6, 'I wasnÂ\x92t interested, Was busy': 4, 'I was sick': 4, 'Jehova witness': 3, 'I wasnÂ\x92t interested, Was busy with work': 3, 'Sickness': 3, 'I had no transportation, My name wasnÂ\x92t on the voter list': 3, 'Not Specified': 3, 'CouldnÂ\x92t transfer vote': 3, 'I donÂ\x92t have an ID card': 3, 'I was busy': 2, 'My name wasnÂ\x92t on the voter list, I didnÂ\x92t know where to vote': 2, 'I wasnÂ\x92t feeling well': 2, 'I had no transportation, I wasnÂ\x92t interested, My name wasnÂ\x92t on the voter list': 2, 'I had no transportation, I didnÂ\x92t know where to vote': 2, 'Nine': 1, ""Attended mothre's funeral"": 1, ""I don't know anything about it"": 1, 'DonÂ\x92t have an ID card': 1, 'His card was missing': 1, 'Jehovah witnesses': 1, 'I wasnÂ\x92t interested, Jehovah witness': 1, 'I didnÂ\x92t know where my ID card was': 1, 'I didnÂ\x92t like any of the parties': 1, 'Nothing': 1, ""Couldn't find her ID card"": 1, ""I misplaced my voter's ID card"": 1, 'I was tired': 1, 'I didnÂ\x92t like their policies': 1, 'DonÂ\x92t have a voterÂ\x92s card': 1, 'Other': 1, ""I wasnÂ\x92t interested, Don't get any thing from it"": 1, 'Not able to transfer vote': 1, 'I lost my ID card': 1, 'No ID card': 1, 'Not close to.pooling station': 1, 'DonÂ\x92t have ??': 1, 'Personal reasons': 1, 'I had no transportation, Funeral': 1, 'I wasnÂ\x92t interested, Nothing': 1, 'Wasnt in town': 1, 'Wansnt around': 1, 'I wasnÂ\x92t interested, Was busy with school': 1, 'I wasnÂ\x92t interested, Is a jehova witness': 1, 'Was ill': 1, 'Adventist': 1, 'Jehovah': 1, 'Jehover witness': 1, 'I traveled': 1, 'I wasnÂ\x92t interested, NPP didnt help': 1, 'All parties are the same': 1, 'They are not serious with the government': 1, 'busy': 1, 'Wasbt around': 1, 'Wasnt around': 1, 'For change': 1, 'NO ID': 1, 'Missing': 1, 'I wasnÂ\x92t interested, Adventist': 1, 'I had no transportation, Working': 1, 'WasnÂ\x92t busy': 1}"
"('Reason_Not_Voted', 'top_5_values')","{'No Response': 2566, 'I wasnÂ\x92t interested': 391, 'I had no transportation': 96, 'My name wasnÂ\x92t on the voter list': 70, 'Missing ID': 46}"
"('Reason_Voted_Candidate', 'unique_count')",91
"('Reason_Voted_Candidate', 'value_counts')","{'No Response': 1034, 'I liked their projects or promises': 711, 'I support their party': 592, 'I support their party, I liked their projects or promises': 379, 'For change': 211, 'I liked their projects or promises, They were active in the community': 97, 'They were active in the community': 74, 'I support their party, They were active in the community': 71, 'I support their party, For change': 43, 'For change and development': 41, 'I support their party, I liked their projects or promises, They were active in the community': 35, 'I liked their projects or promises, For change': 27, 'Change': 19, 'Not Specified': 10, 'I support their party, For change and development': 7, 'As a citizen': 6, 'For development': 4, 'For change, job creation': 3, 'change': 3, 'I support their party, For peace': 3, 'Low standard of living': 3, 'For peace': 3, 'I voted for change': 2, 'For cha': 2, 'I liked their projects or promises, For peace': 2, 'Job creation': 2, 'I support their party,': 2, 'Family member': 2, 'I liked their projects or promises, For change and development': 2, 'I liked their projects or promises, Change': 2, 'I support their party, Job creation': 2, 'I liked their projects or promises, We want gender neutral jobs': 1, 'We wanted change for the country': 1, 'I support their party, For change and job creation': 1, 'I liked their projects or promises, Convinced by a friend': 1, 'I wanted change': 1, 'I voted for him because I wanted change': 1, ""For the country's development"": 1, 'I support their party, Closely related': 1, 'I liked how they performed during their time of office': 1, ""I didn't vote for anyone"": 1, 'Peace': 1, 'I support their party, I wanted change': 1, 'I support their party, Peace': 1, 'I support their party, Forced by her father': 1, 'Voted for change': 1, 'I liked their projects or promises, Currency exchange': 1, 'I liked their projects or promises, Family member': 1, 'I support their party, Job cre': 1, 'Cost of living and for change': 1, 'I support their party, Job creation, For loans': 1, 'I support their party, For change and peace': 1, 'I liked their projects or promises, As a citizen': 1, 'For peace,for change': 1, 'For development and change': 1, 'I support their party, Cost of living': 1, 'Award': 1, 'I support their party, Family member': 1, 'Too much hardship and unemployment': 1, 'I support their party, For change,job creation': 1, 'I liked their projects or promises, For change, job creation': 1, 'We wanted change in government': 1, 'For low standard of living': 1, 'I support their party, We were born in to it': 1, 'I support their party, For chaMeg': 1, 'I liked their projects or promises, They were active in the community, For change and development': 1, 'Remove bet taxes': 1, 'I liked their projects or promises, For cha': 1, 'To remove betting tax': 1, 'I liked their projects or promises, For change , For peace': 1, 'Forced to vote': 1, 'I support their party, I liked their projects or promises, For change': 1, 'I liked their projects or promises, For chane': 1, 'For chnge': 1, 'Cost of living': 1, 'Breaking the chain of two party systems in Ghana': 1, 'I support their party, Better government': 1, 'Forced': 1, ""I liked their projects or promises, Job creation,they don't waste money"": 1, 'They were active in the community, For change': 1, 'Grandfather': 1, 'Previous performance': 1, 'I support their party, Job creation,for peace': 1, 'For peace,for change and development': 1, 'For change and development, for peace': 1, 'For peace, for change and development': 1, 'Job creation ,for change': 1, 'For change and Deb': 1, 'Economic hardship': 1, 'I liked their projects or promises, Got chan': 1, 'Got change': 1}"
"('Reason_Voted_Candidate', 'top_5_values')","{'No Response': 1034, 'I liked their projects or promises': 711, 'I support their party': 592, 'I support their party, I liked their projects or promises': 379, 'For change': 211}"
"('Party_Belong', 'unique_count')",19
"('Party_Belong', 'value_counts')","{'NDC': 1344, 'Not Specified': 1239, 'NPP': 846, 'N': 5, 'CPP': 3, 'GUM': 2, 'New force': 2, 'Cpp': 2, ""Can't tell"": 1, 'CanÂ\x92t tell': 1, 'LPG(Kofi Apkaloo)': 1, 'Both': 1, 'New Force': 1, 'Not a political fun': 1, 'Lack of team support': 1, 'I donÂ\x92t know': 1, 'The new force': 1, 'The New Force': 1, 'Change': 1}"
"('Party_Belong', 'top_5_values')","{'NDC': 1344, 'Not Specified': 1239, 'NPP': 846, 'N': 5, 'CPP': 3}"
"('Reason_NPP_Lost', 'unique_count')",167
"('Reason_NPP_Lost', 'value_counts')","{'No Response': 897, 'People were not happy with the NPP government and wanted change': 834, 'He didnÂ\x92t do enough for the community': 310, 'People were not happy with the NPP government and wanted change, He didnÂ\x92t do enough for the community': 234, 'People were not happy with the NPP government and wanted change, People vote for NDC here': 158, 'People were not happy with the NPP government and wanted change, The NDCÂ\x92s promises sounded better': 124, 'People vote for NDC here': 122, 'People were not happy with the NPP government and wanted change, He didnÂ\x92t do enough for the community, The NDCÂ\x92s promises sounded better': 114, 'The NDCÂ\x92s promises sounded better': 62, 'Not Specified': 53, 'Team didnÂ\x92t support': 39, 'People were not happy with the NPP government and wanted change, He didnÂ\x92t do enough for the community, People vote for NDC here': 38, 'People were not happy with the NPP government and wanted change, Lack of team support': 37, 'Lack of team support': 32, 'People were not happy with the NPP government and wanted change, The NDCÂ\x92s promises sounded better, People vote for NDC here': 28, 'People were not happy with the NPP government and wanted change, He didnÂ\x92t do enough for the community, The NDCÂ\x92s promises sounded better, People vote for NDC here': 23, 'Change': 22, 'People were not happy with the NPP government and wanted change, Late projects': 20, 'People were not happy with the NPP government and wanted change, For change': 19, 'For change': 17, 'He didnÂ\x92t do enough for the community, The NDCÂ\x92s promises sounded better': 17, 'I donÂ\x92t know': 13, 'The NDCÂ\x92s promises sounded better, People vote for NDC here': 12, 'He didnÂ\x92t do enough for the community, People vote for NDC here': 12, 'People were not happy with the NPP government and wanted change, Cost of living': 8, 'Increased in inflation': 7, 'His team didnÂ\x92t help him': 7, 'DonÂ\x92t know': 6, 'People were not happy with the NPP government and wanted change, Ungratefulness': 6, 'Cost of living': 5, ""His team didn't help"": 5, 'His team didnÂ\x92t help': 5, 'Late projects': 4, 'Mishandled money': 4, 'People were not happy with the NPP government and wanted change, He didnÂ\x92t do enough for the community, Lack of team support': 4, 'People vote for NDC here,': 3, 'CanÂ\x92t tell': 3, 'People were not happy with the NPP government and wanted change, Increased in inflation': 3, 'People were not happy with the NPP government and wanted change, His team didnÂ\x92t help him': 3, 'He didnÂ\x92t do enough for the community, His team didnÂ\x92t help': 3, 'Selfishness': 2, 'He didnÂ\x92t do enough for the community, Mishandled money': 2, 'He didnÂ\x92t do enough for the community, Lack of team support': 2, ""Don't stay here"": 2, 'People were not happy with the NPP government and wanted change, Increased inflation': 2, 'People were not happy with the NPP government and wanted change, Corruption': 2, 'People were not happy with the NPP government and wanted change, Greediness': 2, 'His team did not help him': 2, ""People didn't vote"": 2, ""People were not happy with the NPP government and wanted change, Executive didn't help"": 2, 'People were not happy with the NPP government and wanted change, His team didnÂ\x92t help': 2, ""God's work"": 2, 'People vote for NDC here, For change': 2, 'People vote for NDC here, Sand winning': 2, ""People were not happy with the NPP government and wanted change, People vote for NDC here, Didn't get share if the money"": 1, 'Community fully support NDC': 1, ""I don't know"": 1, 'His team didnÂ\x92t give much support': 1, ""People were not happy with the NPP government and wanted change, His executive didn't help"": 1, 'People vote for NDC here, None': 1, 'He didnÂ\x92t do enough for the community, High inflation': 1, 'The team didnÂ\x92t help him': 1, 'Hardship': 1, 'People were not happy with the NPP government and wanted change, DidnÂ\x92t get their personal gain': 1, 'They destroyed our lands and I also wanted the best for the country': 1, 'He was betrayed': 1, ""People were not happy with the NPP government and wanted change, The leader didn't help"": 1, 'They did not do much for the community': 1, 'Just voted': 1, ""Can't tell"": 1, 'He didnÂ\x92t do enough for the community, Destroyed our lands': 1, 'People were not happy with the NPP government and wanted change, Too much of gift': 1, 'People were not happy with the NPP government and wanted change, Inflation': 1, 'Team didnÂ\x92t support us': 1, 'They destroyed our lands': 1, 'People were not happy with the NPP government and wanted change, They did nothing': 1, 'for change': 1, ""People were not happy with the NPP government and wanted change, Don't know"": 1, 'Greediness': 1, 'The sharing of money': 1, 'People were not happy with the NPP government and wanted change, The leaders were selfish': 1, 'Team didnÂ\x92t help': 1, ""He didnÂ\x92t do enough for the community, Executive didn't help"": 1, 'He did nothing important': 1, 'The NDCÂ\x92s promises sounded better, Most of the party members didnt vote': 1, 'People vote for NDC here, Hardship on the part of the people': 1, 'He didnÂ\x92t do enough for the community, Sand winning': 1, 'People did not go to vote': 1, 'Partiality': 1, 'People did not go and vote': 1, 'team didnt support': 1, 'People were not happy with the NPP government and wanted change, Campaign against him': 1, 'He didnÂ\x92t do enough for the community, Team didnÂ\x92t support': 1, 'Their work wasnÂ\x92t impressive': 1, 'Unemployment': 1, 'They failed us': 1, 'People vote for NDC here, Did not get some of the money shared': 1, 'People vote for NDC here, His team didnÂ\x92t help': 1, ""People were not happy with the NPP government and wanted change, God's work"": 1, 'People were not happy with the NPP government and wanted change, Mishandled stateÂ\x92s money': 1, 'He didnÂ\x92t do enough for the community, They were competent': 1, 'Apathy': 1, 'E Levy': 1, 'Was betrayed': 1, 'Cost of items': 1, 'People here are ungrateful': 1, 'People were not happy with the NPP government and wanted change, Thinks he can buy votes with money': 1, ""Executive didn't help"": 1, 'People vote for NDC here, No idea': 1, ""People vote for NDC here, Executive didn't help"": 1, ""People vote for NDC here, His team didn't help"": 1, 'People were not happy with the NPP government and wanted change, Greediness and influence if mass media': 1, 'People were not happy with the NPP government and wanted change, Team didnÂ\x92t support': 1, ""People were not happy with the NPP government and wanted change, They didn't share the money they were supposed to share"": 1, 'He didnÂ\x92t do enough for the community, Mishandling money': 1, 'He didnÂ\x92t do enough for the community, They pollute our water bodies': 1, 'People were not happy with the NPP government and wanted change, Sand winning': 1, 'They mishandled money': 1, 'He didnÂ\x92t do enough for the community, Increased in inflation': 1, 'Most NPP members didnt vote': 1, 'People were not happy with the NPP government and wanted change, None': 1, 'People were not happy with the NPP government and wanted change, He didnÂ\x92t do enough for the community, The NDCÂ\x92s promises sounded better, They started doing projects when time for election was due': 1, 'From God': 1, 'They cheated': 1, 'change': 1, 'People were not happy with the NPP government and wanted change, People vote for NDC here, Selfishness on the part of the leaders': 1, 'People were not happy with the NPP government and wanted change, People vote for NDC here, Illiteracy': 1, 'They were cheated on': 1, 'People were not happy with the NPP government and wanted change, The NDCÂ\x92s promises sounded better, For change': 1, 'Economic crisis': 1, 'He didnÂ\x92t do enough for the community, For change, increased in inflation': 1, 'People vote for NDC here, Team didnÂ\x92t support': 1, 'People were not happy with the NPP government and wanted change, People vote for NDC here, Ungratefulness': 1, 'People were not happy with the NPP government and wanted change, The NDCÂ\x92s promises sounded better, The NPPs started their project when election time was due': 1, ""The NDCÂ\x92s promises sounded better, Executive didn't help"": 1, 'People were not happy with the NPP government and wanted change, Hardship and inflation': 1, 'Ungrateful': 1, 'People were not happy with the NPP government and wanted change, Mishandling money': 1, 'He supported LGBTQ': 1, 'Majority of the party members didnÂ\x92t vote': 1, 'Members of NPP didnt vote': 1, 'People were not happy with the NPP government and wanted change, Mishandled money': 1, 'He mismanaged money': 1, 'Clean water': 1, 'People were not happy with the NPP government and wanted change, Selfishness on the part of the leaders': 1, 'People were not happy with the NPP government and wanted change,': 1, 'They didnÂ\x92t address the issue of economic hardship': 1, 'He was selective': 1, 'He didnÂ\x92t do enough for the community, For change': 1, 'People were not happy with the NPP government and wanted change, People vote for NDC here, High cost of living': 1, 'People were not happy with the NPP government and wanted change, People': 1, 'He didnÂ\x92t do enough for the community, Destroyed our waters': 1, 'For change and development': 1, 'People were not happy with the NPP government and wanted change, He didnÂ\x92t do enough for the community, People vote for NDC here, Hardship': 1, 'People were not happy with the NPP government and wanted change, He didnÂ\x92t do enough for the community, His team didnÂ\x92t help him': 1, 'Mishandled money, his team did not help him': 1, 'Disrespectful': 1, 'Leaders were not able to perform well': 1, 'Mishandled money, his tea didnÂ\x92t help him': 1, 'He was competent': 1, 'He didnÂ\x92t do enough for the community, Disrespectful': 1, 'Lack not team support': 1, 'People were not happy with the NPP government and wanted change, He didnÂ\x92t do enough for the community, The NDCÂ\x92s promises sounded better,': 1, 'Delayed projects': 1, 'People were not happy with the NPP government and wanted change, People were not happy': 1, 'He didnÂ\x92t do enough for the community, The NDCÂ\x92s promises sounded better, People vote for NDC here': 1, ""They weren't strategic"": 1}"
"('Reason_NPP_Lost', 'top_5_values')","{'No Response': 897, 'People were not happy with the NPP government and wanted change': 834, 'He didnÂ\x92t do enough for the community': 310, 'People were not happy with the NPP government and wanted change, He didnÂ\x92t do enough for the community': 234, 'People were not happy with the NPP government and wanted change, People vote for NDC here': 158}"
"('Know_Projects', 'unique_count')",213
"('Know_Projects', 'value_counts')","{""I heard, but they didn't help me"": 863, 'No Response': 808, ""No, I didn't know about them"": 671, 'Yes, I knew about them': 656, ""Yes, I knew about them, I heard, but they didn't help me"": 50, 'Yes, I knew about them, Boreholes': 35, 'Yes, I knew about them, Roads': 23, 'Yes, I knew about them, AstroTurf': 19, ""No, I didn't know about them, I heard, but they didn't help me"": 18, ""Yes, I knew about them, No, I didn't know about them"": 18, 'Yes, I knew about them, Awards': 17, 'Yes, I knew about them, Gifts': 16, 'Yes, I knew about them, Health centers': 7, 'Yes, I knew about them, Electricity': 6, 'Yes, I knew about them, Bridge': 6, 'Yes, I knew about them, AstruTarf': 5, 'Yes, I knew about them, Gifts for graduated people': 4, 'Yes, I knew about them, Roads, electricity': 3, 'Yes, I knew about them, Education': 3, ""I heard, but they didn't help me, Boreholes"": 3, 'Yes, I knew about them, Construction of road': 3, 'Yes, I knew about them, Durbar grounds': 3, 'Yes, I knew about them, Construction of poll': 3, 'Yes, I knew about them, Street light': 3, 'Yes, I knew about them, Electricity, boreholes': 3, 'Yes, I knew about them, Boreholes, roads': 3, 'Not Specified': 3, 'Yes, I knew about them, Boreholes,Awards': 3, 'Yes, I knew about them, Roads , boreholes, electricity': 2, 'Yes, I knew about them, Boreholes, awards': 2, 'Yes, I knew about them, Roads construction': 2, 'Yes, I knew about them, Roads, boreholes': 2, 'Yes, I knew about them, Awards,AstroTurf': 2, 'Yes, I knew about them, Boreholes and AstruTarf': 2, 'Yes, I knew about them, Electrification': 2, 'Yes, I knew about them, Electricity, Boreholes': 2, 'Yes, I knew about them, School': 2, 'Yes, I knew about them, Gift': 2, 'Yes, I knew about them, Borehole': 2, 'Yes, I knew about them, Awards,Education': 2, 'Yes, I knew about them, Awards, electricity': 2, 'Yes, I knew about them, The park': 2, 'Yes, I knew about them, Astroturf, electricity': 1, 'Yes, I knew about them, Fixing of transformers and AstroTurf': 1, 'Yes, I knew about them, Boreholes, AstroTurf': 1, 'Yes, I knew about them, Electricity,boreholes,astroturf': 1, 'Yes, I knew about them, Roads,boreholes, electricity': 1, 'Yes, I knew about them, Boreholes and street lights': 1, 'Yes, I knew about them, Boreholes,roads': 1, 'Yes, I knew about them, Street lights boreholes': 1, 'Yes, I knew about them, Boreholes , astroturf': 1, 'Yes, I knew about them, Bore hole': 1, 'Yes, I knew about them, Does something only during election': 1, 'Yes, I knew about them, AstroTurf,Awards': 1, 'Yes, I knew about them, Sending people into the security services': 1, 'Yes, I knew about them, Roads , bridges, boreholes': 1, 'Yes, I knew about them, Gala,AstroTurf': 1, 'Yes, I knew about them, Helping of tailors': 1, 'Yes, I knew about them, Factory,AstroTurf': 1, 'Yes, I knew about them, Construction of shelter and Urinal': 1, 'Yes, I knew about them, Bridge, AstoTurf, Awards': 1, 'Yes, I knew about them, Road constractions': 1, 'Yes, I knew about them, Boreholes and roads construction': 1, 'Yes, I knew about them, Helping people with jobs': 1, 'Yes, I knew about them, Roads, boreholes and security services': 1, 'Yes, I knew about them, Roads ,Awards': 1, 'Yes, I knew about them, AstroTurf;Education,Awards and Bridges': 1, 'Yes, I knew about them, Boreholes, electricity, health facilities, Awards and AstroTurf': 1, 'Yes, I knew about them, AstroTurf and boreholes': 1, 'Yes, I knew about them, AstroTurf,Factories': 1, 'Yes, I knew about them, Boreholes School projects AstroTurf Caring for the aged': 1, 'Yes, I knew about them, Roads ,awards': 1, 'Yes, I knew about them, AstroTurf, sending some youth to school': 1, 'Yes, I knew about them, Roads construction,fixing of boreholes': 1, 'Yes, I knew about them, Roads, boreholes, bridges': 1, 'Yes, I knew about them, He should hv done better': 1, 'Yes, I knew about them, Awards,AstroTurf,Roads,Electricity,Education and Boreholes': 1, 'Yes, I knew about them, AstroTurf,Education': 1, 'Yes, I knew about them, Gala,Electricity': 1, 'Yes, I knew about them, Electricity, Boreholes, roads': 1, ""I heard, but they didn't help me, Team didnt support"": 1, 'Yes, I knew about them, Road constractions,and street light': 1, 'Yes, I knew about them, Bridges, Electricity,Boreholes and AstroTurf': 1, 'Yes, I knew about them, Astroturf ,Roads': 1, 'Yes, I knew about them, Boreholes and street light': 1, 'Yes, I knew about them, Awards,Electricity and Boreholes': 1, 'Yes, I knew about them, Boreholes,AstroTurf and Awards': 1, 'Yes, I knew about them, Extension of electricity , AstroTurf, boreholes': 1, 'Yes, I knew about them, Astroturf ,Awards': 1, 'Yes, I knew about them, Adom Easter gala': 1, 'Yes, I knew about them, Job provision': 1, ""I heard, but they didn't help me, Education"": 1, 'Yes, I knew about them, Awards, boreholes, roads': 1, 'Yes, I knew about them, Roads and shelter in the market': 1, 'Yes, I knew about them, Gift and boreholes': 1, 'Yes, I knew about them, Roads,AsTurf': 1, 'Yes, I knew about them, Education, training, Roads, boreholes': 1, 'Yes, I knew about them, Awards, roads': 1, ""I heard, but they didn't help me, Bridge"": 1, 'Yes, I knew about them, Roads,AstroTurf': 1, 'Yes, I knew about them, Roads ,water , school': 1, 'Yes, I knew about them, Washroom': 1, 'Yes, I knew about them, Helped many people': 1, 'Yes, I knew about them, Bridge palace': 1, 'Yes, I knew about them, AstruTarf and military service': 1, 'Yes, I knew about them, Pavements, AstroTurf': 1, 'Yes, I knew about them, Network poles': 1, 'Yes, I knew about them, Roads , AstroTurf': 1, 'Yes, I knew about them, Boreholes and schools': 1, 'Yes, I knew about them, Boreholes l,AstroTurf': 1, 'Yes, I knew about them, AstroTurf , Roads,electricity': 1, 'Yes, I knew about them, Bridges,Health facilities,AstroTurf': 1, 'Yes, I knew about them, Education,AstroTurf': 1, 'Yes, I knew about them, Awards,Boreholes': 1, 'Yes, I knew about them, Education and Awards': 1, 'Yes, I knew about them, AstroTurf and Boreholes': 1, 'Yes, I knew about them, Education,Awards and Education': 1, 'Yes, I knew about them, Funeral grounds, boreholes': 1, 'Yes, I knew about them, Electricit,Roads': 1, 'Yes, I knew about them, Funeral ground': 1, 'Yes, I knew about them, Training, Electricity, social': 1, 'Yes, I knew about them, Roads , awards, electricity': 1, 'Yes, I knew about them, Provision of light': 1, 'Yes, I knew about them, Roads,Boreholes': 1, 'Yes, I knew about them, Gifts,and education': 1, 'Awards': 1, 'Yes, I knew about them, Electricity, boreholes, AstroTurf': 1, 'Yes, I knew about them, Bridges': 1, 'Yes, I knew about them, Street light,Education': 1, ""I heard, but they didn't help me, AstroTurf"": 1, 'Yes, I knew about them, Lavatory, boreholes': 1, 'Yes, I knew about them, Boreholes,Provided jobs': 1, 'Yes, I knew about them, Education,Boreholes': 1, 'Yes, I knew about them, Roads, awards': 1, 'Yes, I knew about them, Awards,Eduation': 1, 'Yes, I knew about them, Roads, Awards': 1, 'Yes, I knew about them, Boreholes, education, awards': 1, 'Yes, I knew about them, Transformers,AstroTurf,Boreholes Factories': 1, 'Yes, I knew about them, AstroTurf,Boreholes,Street light': 1, 'Yes, I knew about them, Bridge, Boreholes': 1, 'Yes, I knew about them, Boreholes, electricity': 1, 'Yes, I knew about them, Education, boreholes, electricity': 1, 'Yes, I knew about them, Roads , electricity Roads': 1, 'Yes, I knew about them, Education,Jobs': 1, 'Yes, I knew about them, Health centers,AstroTurf': 1, 'Yes, I knew about them, Health centers,Awards and Education': 1, 'Yes, I knew about them, Awards,Gala and Brigdes': 1, 'Yes, I knew about them, Awards and AstroTurf': 1, 'Yes, I knew about them, Boreholes and AstroTurf': 1, 'Yes, I knew about them, Electricity, awards': 1, 'Yes, I knew about them, Awards,Street light': 1, 'Yes, I knew about them, Lavatories': 1, 'Yes, I knew about them, Light poles': 1, 'Yes, I knew about them, Electricity,Boreholes': 1, 'Yes, I knew about them, Boreholes,Electricity': 1, 'Yes, I knew about them, AstruTarf and education': 1, 'Yes, I knew about them, AstruTarf and boreholes': 1, 'Yes, I knew about them, Boreholes, bridges': 1, 'Yes, I knew about them, Schools, network pole': 1, 'Yes, I knew about them, Schools,Street': 1, 'Yes, I knew about them, Police station, clinic': 1, 'Yes, I knew about them, Electricity, boreholes, roads': 1, 'Yes, I knew about them, He did a lot': 1, 'Yes, I knew about them, Network pole, electricity': 1, 'Yes, I knew about them, Electricity,Roads': 1, 'Yes, I knew about them, Hospital, police station, school, roads': 1, 'Yes, I knew about them, Electricity, Roads': 1, 'Yes, I knew about them, Electricity,schools,hospitals,': 1, 'Yes, I knew about them, Schools, awards': 1, 'Yes, I knew about them, Electricity, road': 1, 'Yes, I knew about them, Electricity, schools, hospitals': 1, 'Yes, I knew about them, Electricity, police station, hospital': 1, 'Yes, I knew about them, Schools, hospitals, police station': 1, 'Yes, I knew about them, Police station, hospital': 1, 'Yes, I knew about them, Police station, mosques': 1, 'Yes, I knew about them, Clinic, police station, school, street lights': 1, 'Yes, I knew about them, Electricity,roads': 1, 'Yes, I knew about them, Clinic, electricity, Schools, durbar grounds': 1, 'Yes, I knew about them, Awards,Roads': 1, 'Yes, I knew about them, Police station, hospital, schools': 1, 'Yes, I knew about them, Network poll': 1, 'Yes, I knew about them, Electricity hospitals': 1, 'Yes, I knew about them, Hospital': 1, 'Yes, I knew about them, Electricity,boreholes': 1, 'Yes, I knew about them, Police station, hospital,school': 1, 'Yes, I knew about them, Electricity, school': 1, 'Yes, I knew about them, Boreholes,AstroTurf': 1, 'Yes, I knew about them, Education,Awards': 1, 'Yes, I knew about them, Roads, boreholes, electricity': 1, 'Yes, I knew about them, Boreholes,lavatories,roads': 1, 'Yes, I knew about them, Roads,boreholes': 1, 'For change': 1, 'Yes, I knew about them, AstroTurf, quizes': 1, 'Yes, I knew about them, Boreholes, Awards': 1, 'Yes, I knew about them, AstroTurf,Boreholes': 1, 'Yes, I knew about them, Electricity,boreholes, roads': 1, 'Yes, but they delayed': 1, 'Yes, I knew about them, Educattion': 1, 'Yes, I knew about them, Boreholes, schools, roads': 1, 'Yes, I knew about them, CHP compound': 1, 'Yes, I knew about them, Boreholes, Electricity': 1, 'Yes, I knew about them, Boreholes, Roads': 1, 'Yes, I knew about them, Roads,Electricity': 1, 'Yes, I knew about them, Boreholes, electricity,roads': 1, 'Yes, I knew about them, Roads, schools': 1, 'Yes, I knew about them, Boreholes, roads,schools': 1, 'Yes, I knew about them, Borehole,Electricity': 1, ""No, I didn't know about them, He started but stopped immediately he realized people here always vote NDC"": 1, 'Yes, I knew about them, Boreholes, community center, CHP compound': 1, 'Yes, I knew about them, Road': 1, 'Yes, I knew about them, Street lights': 1, 'Yes, I knew about them, Play ground': 1, 'Yes, I knew about them, Hospital, schools': 1}"
"('Know_Projects', 'top_5_values')","{""I heard, but they didn't help me"": 863, 'No Response': 808, ""No, I didn't know about them"": 671, 'Yes, I knew about them': 656, ""Yes, I knew about them, I heard, but they didn't help me"": 50}"
"('Solved_Community_Problems', 'unique_count')",4
"('Solved_Community_Problems', 'value_counts')","{""No, he didn't solve major issues"": 1000, 'No Response': 945, ""He tried, but it wasn't enough"": 810, 'Yes, he did most of the work needed': 699}"
"('Solved_Community_Problems', 'top_5_values')","{""No, he didn't solve major issues"": 1000, 'No Response': 945, ""He tried, but it wasn't enough"": 810, 'Yes, he did most of the work needed': 699}"
"('Reason_NDC_Won', 'unique_count')",92
"('Reason_NDC_Won', 'value_counts')","{'No Response': 901, 'People were not happy with the NPP government': 547, 'People here always vote NDC': 334, 'The NDCÂ\x92s promises were better': 271, 'He was more visible and approachable': 221, 'He was more visible and approachable, People were not happy with the NPP government': 186, 'He was more visible and approachable, The NDCÂ\x92s promises were better': 132, 'He was more visible and approachable, The NDCÂ\x92s promises were better, People were not happy with the NPP government': 126, 'The NDCÂ\x92s promises were better, People here always vote NDC': 116, 'People here always vote NDC, People were not happy with the NPP government': 98, 'The NDCÂ\x92s promises were better, People were not happy with the NPP government': 94, 'Not Specified': 78, 'For change': 66, 'He was more visible and approachable, People here always vote NDC': 56, 'He was more visible and approachable, People here always vote NDC, People were not happy with the NPP government': 26, 'He was more visible and approachable, The NDCÂ\x92s promises were better, People here always vote NDC': 18, 'People were not happy with the NPP government, For change': 17, 'People here always vote NDC, For change': 11, 'The NDCÂ\x92s promises were better, For change': 10, 'Change': 10, 'I donÂ\x92t know': 10, 'The NDCÂ\x92s promises were better, People here always vote NDC, People were not happy with the NPP government': 10, 'He was more visible and approachable, The NDCÂ\x92s promises were better, People here always vote NDC, People were not happy with the NPP government': 9, 'He was more visible and approachable, For change': 8, 'Job creation': 8, 'Luck': 6, 'He was more visible and approachable, Job creation': 4, 'DonÂ\x92t know': 4, 'Lack of team support': 3, 'The NDCÂ\x92s promises were better, Job creation': 3, ""God's work"": 3, 'People here always vote NDC, Job creation': 2, 'People were not happy with the NPP government, Job creation': 2, 'Cha': 2, 'For change, job creation': 2, ""Adom's team didn't help"": 2, 'CanÂ\x92t tell': 2, 'Kotoku factory': 2, 'Breaking the 8 is hard, economy hardship and corruption': 1, 'I wanted change': 1, ""Don't stay here"": 1, 'He was capable of winning': 1, ""The NDCÂ\x92s promises were better, We based it on mahama's previous policy"": 1, ""Can't tell"": 1, 'People here always vote NDC, None': 1, 'People were not happy with the NPP government, How he can help us in our community': 1, 'People were not happy with the NPP government, And we wanted change': 1, ""We're trying him to see"": 1, 'We wanted change': 1, 'The NDCÂ\x92s promises were better,': 1, 'The people wanted change': 1, 'The NDCÂ\x92s promises were better, Job creation, for change': 1, 'To know how he would help the community': 1, 'I DonÂ\x92t know': 1, 'People were not happy with the NPP government, Land degrading': 1, 'He was more visible and approachable, Kotoku factory': 1, ""People here always vote NDC, He couldn't finish all of his projects and they bought them"": 1, 'He was more visible and approachable, The NDCÂ\x92s promises were better, Kotoku factory': 1, 'He was more visible and approachable, Sharing money': 1, 'Breaking the 8 in Adieso is not possible': 1, 'People here always vote NDC, Support from team leaders': 1, 'The leaders betrayed Adom': 1, 'The NDCÂ\x92s promises were better, Cost of living': 1, 'Illiteracy': 1, 'Campaign': 1, ""Adom's boreholes are being sold"": 1, ""People here always vote NDC, Don't know"": 1, 'Cheats': 1, 'No e': 1, 'For peace , For change': 1, 'Cost of living': 1, 'For cha': 1, 'For peace': 1, 'For peace , change': 1, 'Low standard of living': 1, 'People here always vote NDC, People were not happy with the NPP government, For change': 1, 'The NDCÂ\x92s promises were better, Kotoku factory': 1, 'For low standard of living': 1, 'People were not happy with the NPP government,': 1, 'GodÂ\x92s will': 1, 'Truthfulness': 1, 'He was more visible and approachable, People were not happy with the NPP government, They cheated': 1, 'For change and development': 1, 'He was more visible and approachable, People here always vote NDC, People were not happy with the NPP government, He decieved them': 1, 'He was more visible and approachable, People were not happy with the NPP government, For cha, job creation': 1, 'People here always vote NDC, Illiterates': 1, 'People here always vote NDC, His team didnÂ\x92t help': 1, 'He was more visible and approachable, People were not happy with the NPP government, Try': 1, 'He was more visible and approachable, Juju': 1, ""Most of the NPP supporters didn't vote"": 1, 'He was more visible and approachable, The NDCÂ\x92s promises were better, People were not happy with the NPP government, Most party mrmbers didnt vote': 1, ""People were not happy with the NPP government, His team didn't help"": 1}"
"('Reason_NDC_Won', 'top_5_values')","{'No Response': 901, 'People were not happy with the NPP government': 547, 'People here always vote NDC': 334, 'The NDCÂ\x92s promises were better': 271, 'He was more visible and approachable': 221}"
"('NDC_Better_Than_NPP', 'unique_count')",67
"('NDC_Better_Than_NPP', 'value_counts')","{'No Response': 1142, 'They made stronger promises': 777, 'They focused on key issues (farming, roads, schools)': 469, 'They were better at reaching people, They made stronger promises': 350, 'They were better at reaching people': 277, 'Not Specified': 150, 'They were better at reaching people, They made stronger promises, They focused on key issues (farming, roads, schools)': 68, 'They made stronger promises, They focused on key issues (farming, roads, schools)': 65, 'They were better at reaching people, They focused on key issues (farming, roads, schools)': 57, 'For change': 10, 'I donÂ\x92t know': 9, 'People here always vote NDC': 7, 'People always vote NDC here': 6, 'Change': 5, 'They focused on key issues (farming, roads, schools),': 3, 'Job creation': 3, 'They focused on key issues (farming, roads, schools), Low inflation': 2, 'CanÂ\x92t tell': 2, 'They made stronger promises, For change': 2, 'They saved their money for future purposes': 2, 'They made stronger promises, They focused on key issues (farming, roads, schools), For change': 2, 'DoesnÂ\x92t know': 1, 'They refused to continue the NDC unfinished projects': 1, 'I just like Drah': 1, 'They focused on key issues (farming, roads, schools), The inflation were manageable': 1, 'They did both better': 1, 'Wanted change': 1, 'They were better at reaching people, Tribalistic': 1, 'Market places and Roads': 1, 'They cheated': 1, 'People always vote NDC': 1, 'Because the economy': 1, 'Nothing much': 1, ""Don't stay here"": 1, ""People didn't like NPP"": 1, 'Time': 1, ""God's work"": 1, 'They focused on key issues (farming, roads, schools), Job creation': 1, 'Nothing': 1, 'Campaign': 1, 'Campaigns': 1, 'They considered future beneficiary': 1, 'Kotoku factory': 1, 'They made stronger promises, None': 1, 'They focused on key issues (farming, roads, schools), Betrayal by NPP members': 1, 'People here always vote for NDC': 1, 'Hardship and he started doing projects when election time was due': 1, 'They were better at reaching people, People always vote NDC here': 1, 'They reserved their money for future purposes': 1, 'Non': 1, 'They made stronger promises, They focused on key issues (farming, roads, schools),': 1, 'They were better at reaching people,': 1, 'They were better at reaching people, They saved their money for future purposes': 1, 'Nope': 1, 'They were better at reaching people, He started working on projects even before elections': 1, 'They focused on key issues (farming, roads, schools), Low standard of living': 1, 'They focused on key issues (farming, roads, schools), For change': 1, ""They were better at reaching people, They didn't share unnecessary money"": 1, 'They were better at reaching people, They made stronger promises,': 1, 'Remove betting tax': 1, 'Sharing of money': 1, 'People wanted change': 1, 'People just like them': 1, 'People always vote NDC here pp': 1, 'N': 1, 'They made stronger promises, Change': 1, 'Cha': 1}"
"('NDC_Better_Than_NPP', 'top_5_values')","{'No Response': 1142, 'They made stronger promises': 777, 'They focused on key issues (farming, roads, schools)': 469, 'They were better at reaching people, They made stronger promises': 350, 'They were better at reaching people': 277}"
"('Best_Performing_MP', 'unique_count')",5
"('Best_Performing_MP', 'value_counts')","{'No Response': 1151, 'Frederick Adom': 996, 'Salas Mensah': 581, 'Assifu Bekoe': 516, 'Amankwanor': 210}"
"('Best_Performing_MP', 'top_5_values')","{'No Response': 1151, 'Frederick Adom': 996, 'Salas Mensah': 581, 'Assifu Bekoe': 516, 'Amankwanor': 210}"
"('Community_Name', 'unique_count')",189
"('Community_Name', 'value_counts')","{'No Response': 999, 'Mepom': 208, 'Asuokaw': 151, 'Krodua': 111, 'Asikasu': 93, 'Asuotwene': 81, 'Okurase': 68, 'Breman': 60, 'Owurakesim': 59, 'Abam': 55, 'Atimatim': 52, 'Kwasi Nyarko': 51, 'Zongo': 49, 'Essaso': 48, 'Nyanoa': 47, 'Asuokor': 44, 'Abamkrom': 42, 'Maame dede': 40, 'Roman quarters': 38, 'Atohkrom': 37, 'MEPOM': 34, 'Maame Dede': 33, 'Junction': 33, 'Kwesi yarko': 33, 'Okusu': 31, 'Yaanoa': 30, 'Kwesi Nyarko': 29, 'Braman': 29, 'Madina': 28, 'Kumikrom': 25, 'Adu Kofi': 24, 'Mame dede': 23, 'Nyarnoa': 22, 'Kumi krom': 21, 'Attorkrom': 21, 'Mame Dede': 21, 'Asoukaw': 19, 'Aduana': 19, 'Kantanyensua': 19, 'Atorman': 18, 'Cocoa market': 18, 'Kofiman': 17, 'Water works': 17, 'Sukrong Bethlehem': 16, 'Korodua': 16, 'Obeng Yaw': 15, 'Asoutwene': 15, 'Adu kofi': 15, 'Odumkyere Darman': 14, 'Kofi kyere': 14, 'Kofi dogbe': 14, 'Adeiso': 13, 'Katanyensua': 13, 'Adukofi': 12, 'Esansu': 12, 'Odumkyere Damang': 12, 'Bremang': 12, 'Odumkyere darmang': 11, 'Kwasi nyarko': 11, 'Atoman': 11, 'Amarhkrom': 10, 'Odumkyere Darmang': 10, 'Kofi Dobge': 10, 'Muzama': 10, 'Atim Atim': 9, 'Kofi Dogbey': 9, 'Owurakese': 9, 'Sukrong Canaan': 9, 'Kofi Man': 8, 'Meet me there': 8, 'New nation': 8, 'Brekusu': 8, 'DCE area': 7, 'Atimetim': 7, 'Amahkrom': 7, 'Ahenbrom': 6, 'Ayigbe town': 6, 'Salem': 6, 'Kofi Dogbe': 6, 'Water Works': 5, 'Brekusu lane': 5, 'Asuokoo': 4, 'asuokaw': 4, 'Teacher Ayeh': 4, 'Job creation and more infrastructure': 4, 'Name Dede': 4, 'Roman ridge': 4, 'Welis P': 4, 'madina': 4, 'Methodist church': 3, 'Amarhman': 3, 'KOFI MAN': 3, 'Tommy': 3, 'Kofikyere': 3, 'Odumkyeredarman': 3, 'Krowdua': 3, 'Dce Area': 3, 'Odum Kyere Daman': 3, 'Owurakesem': 3, 'Hospital road': 3, 'KOFI Man': 3, 'Katayensua': 2, 'Odom Kyere Daman': 2, 'Teacher aye': 2, 'Kofi Kyere': 2, 'Atimtim': 2, 'Teacher Aryerh': 2, 'As': 2, 'Police station': 2, 'roman quarters': 2, 'Okuso': 2, 'KOFI KROM': 2, 'KOFI man': 2, 'Attokrom': 1, 'Atokrom': 1, ""Roman quarter's"": 1, 'Mad': 1, 'Cocoa': 1, 'Armah krom': 1, 'Ayibge Town': 1, 'Amarh krom': 1, 'Gyidi kokoo': 1, 'Kofi krom': 1, 'Employment': 1, 'f Man': 1, 'Mane Dede': 1, 'Mame': 1, 'Wilis p': 1, 'Make Dede': 1, 'Job': 1, 'Wilis P': 1, 'Kumi Krom': 1, 'Aba': 1, 'Asuo': 1, 'Mepon': 1, 'Abam krom': 1, 'Aban krom': 1, 'Abamkron': 1, 'Bremen': 1, 'Kr': 1, 'Kraboa': 1, 'Kpfi Dogbe': 1, 'Kofi dobe': 1, 'Dce area': 1, 'Kwasi': 1, 'Kwas Nyarko': 1, 'Job creation and electricity extension': 1, 'Nyarko Nyarko': 1, 'Kwa Nyarko': 1, 'Z': 1, 'Kofi': 1, 'Mep': 1, 'Depot': 1, 'Kradua': 1, 'Presby jhs': 1, 'Asuokow': 1, 'A': 1, 'Odmyere darman': 1, 'Owura kesim': 1, 'Odimkyere Darman': 1, 'Teacher': 1, 'Orakese': 1, 'Esukyerema': 1, 'Odumkyeredarmang': 1, 'Teacher Aryeh': 1, 'Kumikron': 1, 'Atim atim': 1, 'Network fixation and more infrastructure': 1, 'Kumi': 1, 'Odumkyere darman': 1, 'O': 1, 'Obeng yaw': 1, 'Not Specified': 1, 'Odunkyeredarman': 1, 'Odinkyeredarman': 1, 'Essaso u': 1, 'Provide the needful for the community': 1, 'Okutase': 1, 'Odunkyeredaman': 1, 'Kofi kyer3': 1, 'Kofikyiri': 1, 'Katayensuo': 1, 'Sukrong Kanaan': 1, 'Sukrong Betlehem': 1, 'Owurakesi': 1, 'Sukrong canaan': 1, 'Sukurong Canaan': 1, 'Canaan': 1, 'Sukurong Bethlehem': 1}"
"('Community_Name', 'top_5_values')","{'No Response': 999, 'Mepom': 208, 'Asuokaw': 151, 'Krodua': 111, 'Asikasu': 93}"
"('Biggest_Problems', 'unique_count')",414
"('Biggest_Problems', 'value_counts')","{'No Response': 695, 'Jobs': 327, 'Jobs, Clean water': 258, 'Bad roads, Jobs, Clean water': 242, 'Bad roads, Clean water': 149, 'Bad roads, Jobs': 110, 'Clean water': 81, 'Bad roads, Jobs, Schools and education, Health Services, Clean water': 70, 'Bad roads, Jobs, Health Services, Clean water': 61, 'Jobs, Health Services, Clean water': 58, 'Bad roads': 58, 'Bad roads, Jobs, Schools and education, Clean water': 45, 'Help for farmers (tools, fertilizer), Bad roads, Jobs, Schools and education, Health Services, Clean water': 44, 'Jobs, Health Services': 38, 'Bad roads, Jobs, Health Services': 31, 'Bad roads, Jobs, Schools and education, Health Services': 31, 'Jobs, Schools and education, Clean water': 25, 'Bad roads, Jobs, Clean water, Network': 23, 'Bad roads, Jobs, Schools and education': 22, 'Jobs, Schools and education, Health Services, Clean water': 21, 'Lavatories': 19, 'Bad roads, Schools and education, Clean water': 18, 'Help for farmers (tools, fertilizer), Jobs': 18, 'Jobs, Schools and education': 17, 'Help for farmers (tools, fertilizer), Jobs, Health Services': 17, 'Schools and education': 17, 'Jobs, Schools and education, Health Services': 17, 'Bad roads, Schools and education, Health Services': 16, 'Health Services': 16, 'Jobs, Clean water, Lavatories': 15, 'Help for farmers (tools, fertilizer), Bad roads, Jobs': 14, 'Help for farmers (tools, fertilizer)': 14, 'Clean water, Lavatories': 14, 'Health Services, Clean water': 14, 'Bad roads, Jobs, Clean water, Lavatories': 13, 'Bad roads, Clean water, Lavatory': 13, 'Help for farmers (tools, fertilizer), Bad roads, Jobs, Schools and education, Clean water': 13, 'Help for farmers (tools, fertilizer), Bad roads, Jobs, Schools and education, Health Services': 13, 'Bad roads, Schools and education': 12, 'Help for farmers (tools, fertilizer), Bad roads, Jobs, Health Services, Clean water': 12, 'Bad roads, Jobs, Clean water, Lavatory': 12, 'Not Specified': 12, 'Help for farmers (tools, fertilizer), Jobs, Schools and education, Clean water': 12, 'Clean water, Lavatory': 12, 'Help for farmers (tools, fertilizer), Jobs, Schools and education, Health Services': 11, 'Help for farmers (tools, fertilizer), Jobs, Clean water': 11, 'Bad roads, Health Services': 11, 'Jobs, Clean water, Public toilet': 11, 'Bad roads, Jobs, Lavatories': 11, 'Jobs, Lavatories': 11, 'Bad roads, Jobs, Health Services, Clean water, Lavatories': 10, 'Schools and education, Clean water': 10, 'Help for farmers (tools, fertilizer), Bad roads, Jobs, Clean water': 9, 'Bad roads, Jobs, Public toilet': 9, 'Bad roads, Schools and education, Health Services, Clean water': 9, 'Jobs, Lavatory': 9, 'Help for farmers (tools, fertilizer), Clean water': 9, 'Jobs, Health Services, Clean water, Lavatories': 9, 'Bad roads, Network': 9, 'Schools and education, Health Services': 8, 'Bad roads, Health Services, Clean water': 8, 'Help for farmers (tools, fertilizer), Jobs, Schools and education, Health Services, Clean water': 8, 'Bad roads, Clean water, Lavatories': 8, 'Bad roads, Jobs, Network': 8, 'Bad roads, Jobs, Lavatory': 8, 'Jobs, Clean water, Electricity': 7, 'Clean water, Electricity': 7, 'Electricity': 7, 'Bad roads, Jobs, Lack of teachers': 7, 'Bad roads, Jobs, Health Services, Lavatory': 7, 'Bad roads, Jobs, Schools and education, Health Services, Clean water, Network': 6, 'Jobs, Clean water, Lavatory': 6, 'Bad roads, Lavatories': 6, 'Lavatory': 6, 'Help for farmers (tools, fertilizer), Bad roads, Schools and education, Health Services': 6, 'Bad roads, Jobs, Schools and education, Clean water, Network': 6, 'Schools and education, Health Services, Clean water': 5, 'Help for farmers (tools, fertilizer), Bad roads, Jobs, Health Services': 5, 'Help for farmers (tools, fertilizer), Bad roads, Clean water': 5, 'Jobs, Rubbish container': 5, 'Help for farmers (tools, fertilizer), Jobs, Schools and education': 4, 'Sand winning': 4, 'Bad roads, Jobs, Clean water, Poor network': 4, 'Help for farmers (tools, fertilizer), Bad roads, Schools and education': 4, 'Jobs, Clean water, Network': 4, 'Bad roads, Jobs, Schools and education, Clean water, Lavatories': 4, 'Jobs, Health Services, Clean water, Network': 4, 'Help for farmers (tools, fertilizer), Jobs, Health Services, Clean water': 4, 'Jobs, Health Services, Clean water,': 4, 'Help for farmers (tools, fertilizer), Schools and education, Health Services': 4, 'Bad roads, Electricity': 4, 'Bad roads, Jobs, Clean water, Public toilet': 4, 'Jobs, Schools and education, Clean water, Lavatories': 3, 'Help for farmers (tools, fertilizer), Bad roads': 3, 'Jobs, Schools and education, Health Services, Clean water, Lavatories': 3, 'Clean water, Sand winning': 3, 'Jobs, Electricity': 3, 'Jobs, Cost of living': 3, 'Clean water, Boreholes': 3, 'Help for farmers (tools, fertilizer), Bad roads, Jobs, Schools and education': 3, 'Bad roads, Jobs, Clean water, Lavatory, poor network connection': 3, 'Bad roads, Clean water, Network': 2, 'Help for farmers (tools, fertilizer), Bad roads, Schools and education, Health Services, Clean water': 2, 'Bad roads, Clean water, Rubbish containers': 2, 'Network problems': 2, 'Proper sanitation, lavatories': 2, 'Health Services, Network': 2, 'Jobs, Clean water, Land desputes': 2, 'Help for farmers (tools, fertilizer), Bad roads, Schools and education, Clean water': 2, 'Lavatory,market': 2, 'Bad roads, Jobs, Schools and education, Lavatory': 2, 'Clean water, Dustbin containers': 2, 'Bad roads, Jobs, Clean water, Lavatory, poor network': 2, 'Help for farmers (tools, fertilizer), Health Services': 2, 'Bad roads, Jobs, Schools and education, Health Services,': 2, 'Jobs, Health Services, Clean water, Lavatory': 2, 'Schools and education, Community center': 2, 'Schools and education, Lavatories': 2, 'Schools and education, Network': 2, 'Bad roads, Jobs, Market': 2, 'Help for farmers (tools, fertilizer), Bad roads, Jobs, Schools and education, Health Services, Clean water, Lavatories': 2, 'Bad roads, Jobs, Lavatories and market place': 2, 'Bad roads, Clean water, Electricity': 2, 'Help for farmers (tools, fertilizer), Schools and education': 2, 'Bad roads, Schools and education, Clean water, Lavatories': 2, 'Street lights': 2, 'Bad roads, Jobs, Health Services, Clean water, Network': 2, 'Jobs, Schools and education, Market place': 2, 'Bad roads, Jobs, Network,Lavatories': 2, 'Jobs, Public toilet': 2, 'Bad roads, Jobs, Lavatories and Market place': 2, 'Jobs, Market': 2, 'Bad roads, Jobs, Lavatories and network': 2, 'Jobs, Boreholes': 2, 'Bad roads, Teachers': 2, 'Bad roads, Jobs, Schools and education, Clean water, Lavatory, poor network connection': 2, 'Bad roads, Schools and education, Clean water, Lavatory, poor network connection': 2, 'Jobs, Clean water, Rubbish container': 2, 'Bad roads, Jobs, Health Services, Clean water, Lavatory, poor network connection': 2, 'Cost of living': 2, 'Bad roads, Jobs, Electricity and lavatories': 1, 'Bad roads, Lavatory': 1, 'Bad roads, Jobs, Clean water, Boreholes': 1, 'Help for farmers (tools, fertilizer), Bad roads, Jobs, Lavatories': 1, 'Bad roads, Street Lights': 1, 'Bad roads, Health Services, Lavatories': 1, 'Bad roads, Jobs, Lavatories,Boreholes': 1, 'Bad roads, Jobs, Clean water, Network issues': 1, 'Bad roads, Jobs, Schools and education, Health Services, Clean water, Network fixation and more infrastructure': 1, 'Bad roads, Jobs, Health Services, Clean water, High inflation rates': 1, 'Bad roads, Light': 1, 'Schools and education, Lavatory': 1, 'Help for farmers (tools, fertilizer), Network': 1, 'Health Services, Clean water, Market place and lavatories': 1, 'Network': 1, 'Bad roads, Poor network connection': 1, 'Clean water, Public toilet': 1, 'Bad roads, Jobs, Market place': 1, 'Bad roads, Network problems': 1, 'Help for farmers (tools, fertilizer), Clean water, Lavatory': 1, 'Jobs, Proper Sewage system and lavatories': 1, 'Help footballers': 1, 'Robbery and sand wining': 1, 'Jobs, Public toilet and rubbish container': 1, 'Help for farmers (tools, fertilizer), Bad roads, Clean water, Lavatories': 1, 'Proper Sewage system': 1, 'Help for farmers (tools, fertilizer), Bad roads, Jobs, Schools and education,': 1, 'Jobs, Proper Sewage system': 1, 'Bad roads, Jobs, Clean water, Lights': 1, 'Bad roads, Clean water, Lavatory,market': 1, 'Lavatories, market, proper sanitation': 1, 'Bad roads, Jobs, Light': 1, 'Jobs, Schools and education, Health Services, Clean water, Market': 1, 'Jobs, Health Services, Clean water, Lavatories and market': 1, 'Health Services, Market': 1, 'Jobs, Clean water, Lavatories and market': 1, 'Jobs, Littering': 1, 'Jobs, Market center and clinic': 1, 'Schools and education, Health Services, Clean water, Market lavatories': 1, 'Clean water, High standard of living': 1, 'Clean water, Rubbish container, lavatory': 1, 'Bad roads, Clean water, Land issues': 1, 'Bad roads, Clean water, Chief compound': 1, 'Bad roads, Jobs, Schools and education, Clean water, Market': 1, 'Schools and education, Clean water, No lavatory': 1, 'Schools and education, Cost of living': 1, ""I don't know"": 1, 'Bad roads, Jobs, Clean water, Improper waste disporsal': 1, 'Help for farmers (tools, fertilizer), Bad roads, Schools and education, Health Services,': 1, 'Bad roads, Jobs, Health Services, Lavatories': 1, 'Bad roads, Jobs, Schools and education, Clean water, Bank': 1, 'Jobs, Illiteracy': 1, 'Help for farmers (tools, fertilizer), Bad roads, Jobs, Schools and education, Health Services, Clean water, Laca': 1, 'Jobs, Clean water, Cost of living': 1, 'Jobs, Lavatories and proper Sewage system': 1, 'Help for farmers (tools, fertilizer), Bad roads, Jobs, Schools and education, Garbage disposal': 1, 'Bad roads, Jobs, Clean water, Improper disporsal of waste': 1, 'Jobs, Laa saaa b': 1, 'Schools and education, Health Services, Lavatory, poor networking': 1, 'Bad roads, Jobs, Clean water, Poor networking': 1, 'Schools and education, Health Services, Insufficient teachers': 1, 'Bad roads, Jobs, Schools and education, Health Services, Clean water, Lavatories': 1, 'Bad roads, Schools and education, Clean water, Public toilet': 1, 'Clean water, Network': 1, 'Bad roads, Jobs, Poor network connection, lavatory': 1, 'Bad roads, Jobs, Lavatories and Network poles': 1, 'Bad roads, Jobs, Schools and education, Clean water, Support at work places': 1, 'Bad roads, Jobs, Schools and education, Poor network connection, lavatory': 1, 'Jobs, Health Services, Network': 1, 'Bad roads, Jobs, Lavatories,Network': 1, 'Bad roads, Jobs, Poor network, lavatory': 1, 'Jobs, Schools and education, Health Services, Lavatory, network': 1, 'Health Services, Clean water, Lavatories': 1, 'Jobs, Network and lavatories': 1, 'Jobs, Schools and education, Health Services, Clean water, Lavatories and network': 1, 'Help for farmers (tools, fertilizer), Bad roads, Jobs, Lack of teachers': 1, 'Jobs, Schools and education, Health Services, Clean water, Network': 1, 'Bad roads, Jobs, Networks': 1, 'Bad roads, Jobs, Bore holes and network': 1, 'Bad roads, Jobs, Late replies': 1, 'Bad roads, Jobs, Schools and education, Health Services, Clean water, Network fixation': 1, 'Bad roads, Jobs, Clean water, Lavatory, poor connection': 1, 'Bad roads, Jobs, Health Services, Clean water, Lavatory and poor network': 1, 'Health Services, Lavatories': 1, 'Jobs, Lavatories,Electricity,Market place': 1, 'Help for farmers (tools, fertilizer), Jobs, Schools and education, Clean water, Lavatories': 1, 'Help for farmers (tools, fertilizer), Jobs, Clean water, Electricity': 1, 'Bad roads, Jobs, Clean water, Electricity': 1, 'Bad roads, Jobs, Schools and education, Clean water, Lavatory': 1, 'Jobs, Schools and education, Lavatory, poor network connection': 1, 'Lavatories, boreholes': 1, 'Bad roads, Jobs, Health Services, Network': 1, 'Proper sanitation and sewage system': 1, 'Bad roads, Health Services, Clean water, Lavatory': 1, 'Bad roads, Jobs, Electricity,Network poles': 1, 'Jobs, Network problems': 1, 'Bad roads, Schools and education, Health Services, Clean water, Farm lands': 1, 'Schools and education, Clean water, Lavatory': 1, 'Jobs, Health Services, Lavatory': 1, 'Bad roads, Jobs, Clean water, Network problem': 1, 'Help for farmers (tools, fertilizer), Bad roads, Jobs, Network,Market place,Lavatories': 1, 'Jobs, Clean water, Lavatories and Market place,Land issues': 1, 'Jobs, Electricity and Lavatories': 1, 'Jobs, Lavatories and market place': 1, 'Health Services, Clean water, Lavatory': 1, 'Bad roads, Jobs, Health Services, Clean water, Lavatory': 1, 'Land disputes': 1, 'Jobs, Market place': 1, 'Help for farmers (tools, fertilizer), Schools and education, Health Services, Clean water': 1, 'Jobs, Network,land issues,lavatories': 1, 'Jobs, Schools and education, Clean water, Lavatory': 1, 'Bad roads, Jobs, Market place and lavatories': 1, 'Network issues': 1, 'Help for farmers (tools, fertilizer), Bad roads, Jobs, Market place': 1, 'Bad roads, Lavatories,Market place': 1, 'Bad roads, Network,Market place': 1, 'Bad roads, Lavatories,Market,Network': 1, 'Bad roads, Jobs, Electricity,Lavatories,': 1, 'Jobs, Clean water, Land desputes and public toilet': 1, 'Bad roads, Jobs, Schools and education, Health Services, Clean water, Network and lavatories': 1, 'Lavatories, network': 1, 'Lavatories, network, roads': 1, 'Bad roads, Jobs, Netw': 1, 'Bad roads, Jobs, Health Services, Clean water, Farm lands and job creation': 1, 'Jobs, Health Services, Clean water, No support at the work places and farm lands': 1, 'Jobs, Health Services, Clean water, No support at work places': 1, 'Jobs, Network poles': 1, 'Bad roads, Jobs, Lavatories,Market place and Network': 1, 'Jobs, Electricity lavatories': 1, 'Market, lavatories': 1, 'Jobs, Sand winning': 1, 'Help for farmers (tools, fertilizer), Bad roads, Jobs, Clean water, Lavatories': 1, 'Clean water, Proper sewage system': 1, 'Schools and education, Inadequate gutter for water passage': 1, 'Bad roads, Proper sewage disposal': 1, 'Bad roads, Bridge': 1, 'Schools and education, Clean water, Lavatories': 1, 'Jobs, Bridge': 1, 'Money': 1, 'Clean water, Electricity and lavatory': 1, 'Clean water, Market': 1, 'Bad roads, Rubbish': 1, 'Jobs, Choker gutters': 1, 'Jobs, More machine': 1, 'Bad roads, Schools and education, Health Services, Market': 1, 'Bad roads, Clean water, Social problems , proper sewage system': 1, 'Jobs, Sand winning,,Electricity': 1, 'Sanitation': 1, 'Jobs, Proper sanitation': 1, 'Bad roads, Sand winning': 1, 'Jobs, Parks': 1, 'Bad roads, Jobs, Schools and education, Health Services, Lavatories': 1, 'Bad roads, Schools': 1, 'Lavatories and Electricity': 1, 'Bad roads, Electricity and crossing line': 1, 'Clean water, AstroTurf': 1, 'Help for farmers (tools, fertilizer), Cost of living': 1, 'Health Services, Clean water, Lavatories, libraries': 1, 'Lavatories,Boreholes': 1, 'Bad roads, Clean water, None': 1, 'Jobs, Health Services, Lavatories': 1, 'Lack of visionary leaders,Electricity': 1, 'Health Services, Lavatories,Mame Dede': 1, 'Clean water, Lavatory, funeral ground': 1, 'Clean water, Lavatories and network': 1, 'Schools and education, Health Services, Clean water, Network': 1, 'Bad roads, Jobs, Health Services, Clean water, Network and lavatories': 1, 'Bad roads, Jobs, Clean water, Lavatories and network problems': 1, 'Bad roads, Jobs, Health Services, Clean water, Lavatories and network': 1, 'Bad roads, Jobs, Market place,Lavatories': 1, 'Bad roads, Jobs, Clean water, Network and lavatories': 1, 'Schools and education, Teachers and bungalows': 1, 'Jobs, Health Services, Clean water, Electricity extension': 1, 'Bad roads, Lavatories and network': 1, 'Jobs, Health Services, Clean water, Lavatories and network': 1, 'Help for farmers (tools, fertilizer), Jobs, Sand winning': 1, 'Bad roads, Jobs, Clean water, Lavatory , poor connection': 1, 'Bad roads, Jobs, Network,Lavatories and Boreholes': 1, 'Help for farmers (tools, fertilizer), Jobs, Schools and education, Poor network connection': 1, 'Bad roads, Jobs, Clean water, Network and hardship': 1, 'Bad roads, Jobs, Network and lavatories': 1, 'Bad roads, Jobs, Schools and education, Lavatory, poor network connection': 1, 'Jobs, Health Services, Market place': 1, 'Dustbin containers': 1, 'Dustbin Containers': 1, 'Bad roads, Jobs, Clean water, lavatories': 1, 'Jobs, Schools and education, Lavatories': 1, 'Help for farmers (tools, fertilizer), Car': 1, 'Jobs, Health Services, Clean water, Funeral grounds': 1, 'Jobs, Unity': 1, 'Bad roads, Jobs, Lavatory , poor connection': 1, 'Help for farmers (tools, fertilizer), Schools and education, Clean water': 1, 'Bad roads, Clean water, Lavatory,rubbish containers': 1, 'Bad roads, Clean water, Rubbish container': 1, 'Bad roads, No lavatory': 1, 'Clean water, Lavatories and lack of visionary leaders': 1, 'High standard of living and sand winning': 1, 'Bad roads, Jobs, Clean water, Poor network connection, lavatory': 1, 'Bad roads, Jobs, Lavatories,Market place': 1, 'Bad roads, Schools and education, Health Services, Clean water, Poor network': 1, 'Jobs, Market place and teenage pregnancy': 1, 'Market': 1, 'Lavatories, market': 1, 'Bad roads, Jobs, Lavatory, market': 1, 'Jobs, Clean water, Lavatory, market': 1, 'Jobs, Clean water, Lavatory,market': 1, 'Bad roads, Jobs, Market,lavatory': 1, 'Bad roads, Market': 1, 'Jobs, Schools and education, Health Services, Clean water, Light extension': 1, 'Lavatories, Parks': 1, 'cost of living': 1, 'Bad roads, Jobs, Clean water, Potable': 1, 'Schools and education, Clean water, Lavatory, market': 1, 'Bad roads, Jobs, Puplic toilet': 1, 'Help for farmers (tools, fertilizer), Bad roads, Jobs, Market': 1, 'Schools and education, Clean water, Market, lavatories': 1, 'Support for the aged': 1, 'Jobs, Schools and education, Market, lorry station': 1, 'Bad roads, Jobs, Clean water, Market,lavatory': 1, 'Jobs, Market place,Lavatories': 1, 'DonÂ\x92t know': 1, 'Bad roads, Jobs, Schools and education, Stress lights': 1, 'Bad roads, Health Services, Clean water, Market': 1, 'Jobs, Schools and education, Clean water, High inflation rate': 1, 'Jobs, Network': 1, 'Bad roads, Jobs, Health Services, Clean water, Land distortion': 1, 'Jobs, Land issues': 1, 'Bad roads, Jobs, Health Services, Clean water, Lavatory,market': 1, 'Jobs, Funds': 1, 'Help for farmers (tools, fertilizer), Bad roads, Jobs, Lavatory': 1, 'Gutters': 1, 'Bad roads, Health Services, Clean water, Lavatory,market': 1, 'Teenage pregnancy': 1, 'Clean water, Lavatories, market': 1, 'Jobs, Clean water, Market and lavatories': 1, 'Bad roads, Jobs, Clean water, Lavatory, market': 1, 'Bad roads, Schools and education, Clean water, Teachers': 1, 'Bad roads, Jobs, Lavatories and refuse disposal': 1, 'Jobs, Clean water, Proper sewage system': 1, 'Jobs, Clean water, Rubbish container and public toilet': 1, 'Jobs, Health Services, Lavatories and refuse disposal': 1, 'Bad roads, Health Services, Clean water, Lavatories': 1, 'Lavatories,,Street light': 1, 'Clean water, Lavatories,Network poles,Boreholes': 1, 'Fighting over lands': 1, 'Bad roads, Proper sanitation': 1, 'Clean water, Borehole,Lavatories': 1, 'Lavatories and Dustbin containers': 1, 'Lavatories and Dustbin containerÂ\x92': 1, 'Jobs, Lavatories and Sand winning': 1, 'Bad roads, Street light': 1, 'Lavatory,AstroTurf': 1, 'Lavatory and sand winning': 1, 'Clean water, Sand Winning and lavatory': 1, 'Help for farmers (tools, fertilizer), Streetlights': 1, 'Asuokaw': 1, 'Help for farmers (tools, fertilizer), Bad roads, Jobs, Schools and education, Health Services, Clean water, Electricity': 1, 'Clean water, Market, lavatories': 1, 'Jobs, Clean water, Boreholes': 1, 'Clean water, Electricity, proper sanitation': 1, 'Bad roads, Air pollution': 1, 'Bad roads, Jobs, Health Services, Market': 1, 'Bad roads, Jobs, Health Services, Clean water, Police station': 1, 'Clean water, Lavatories , proper sanitation': 1, 'Help for farmers (tools, fertilizer), Jobs,': 1, 'Jobs, Network problem': 1, 'Help for farmers (tools, fertilizer), Sand winning': 1, 'Jobs, Light extension': 1, 'Clean water, Light extension': 1, 'Bad roads, Clean water, Light extension': 1, 'Bad roads, Jobs, Cost of living': 1, 'Jobs, Clean water, Light extension': 1, 'Help for farmers (tools, fertilizer), Jobs, Health Services,': 1, 'Bad roads, Health Services, Lavatory, market': 1}"
"('Biggest_Problems', 'top_5_values')","{'No Response': 695, 'Jobs': 327, 'Jobs, Clean water': 258, 'Bad roads, Jobs, Clean water': 242, 'Bad roads, Clean water': 149}"
"('Addressed_Issues_Better', 'unique_count')",4
"('Addressed_Issues_Better', 'value_counts')","{'Emmanuel Drah (NDC)': 1075, 'No Response': 857, 'Frederick Obeng Adom (NPP)': 820, 'Neither': 702}"
"('Addressed_Issues_Better', 'top_5_values')","{'Emmanuel Drah (NDC)': 1075, 'No Response': 857, 'Frederick Obeng Adom (NPP)': 820, 'Neither': 702}"
"('Suggestions_2028', 'unique_count')",504
"('Suggestions_2028', 'value_counts')","{'No Response': 1161, 'Fulfill their promise': 236, 'Fulfill their promises': 188, 'Job creation and more infrastructure': 162, 'Job creation': 108, 'Not Specified': 97, 'Provide the needful for the community': 91, 'Depends on what the current MP will do': 76, 'They should fulfil their promises': 75, 'Nothing': 59, 'Create more jobs': 52, 'Come out with better policies': 47, 'Work harder': 42, 'Network fixation and more infrastructure': 38, 'Provision of social amenities': 30, 'Provide employment': 22, 'They should make stronger policies': 21, 'Provide water facility': 21, 'Job creation and electricity extension': 20, 'Continue from where the current MP left': 18, 'Try harder': 18, 'Provide more jobs': 18, 'Fulfill their promise Provide the needful for the community': 17, 'More infrastructure and job creation': 17, 'Reduce cost of living': 15, 'Construction of road': 12, 'Do what the citizens says': 12, 'Provide social amenities': 11, 'Do better': 11, 'Good policies': 10, 'Fulfilling policies': 10, 'Work hard': 9, 'Stop sand winning': 9, 'Come out with best policies': 9, 'Increase campaign and job creation': 9, 'Provide employment and social amenities': 8, 'Do their homework well': 8, 'They should fulfill their promises': 8, ""Can't tell"": 8, 'Fulfill their promises, job creation': 7, 'Job creation, fulfill their promises': 7, 'Provide portable water': 7, 'Proper management of the economy': 6, 'Jobs and infrastructure': 6, 'Provide employment and water': 6, 'Restore farm lands and job creation': 6, 'Should work harder': 6, 'Creation of jobs': 6, 'Proper supervision of projects': 6, 'There should be team support': 5, 'Construction of roads': 5, 'They should fulfil their promises on time': 5, 'Construct roads': 5, 'Continue his good deeds': 5, 'Continue their good deeds': 5, 'Provide jobs': 5, 'Fulfil their promises': 4, 'Create more water facility': 4, 'Provide water': 4, 'Create jobs': 4, 'Job creation, reduce inflation': 4, 'They should provide jobs': 4, 'Increase campaign and job opportunities': 4, 'Stop mining': 3, 'Provide network poll': 3, 'Provide more water facility': 3, 'DonÂ\x92t know': 3, 'More infrastructure and job opportunities': 3, 'Should provide employment': 3, 'Jobs creation': 3, 'They should provide jobs for the youth': 3, 'Should fulfill their promise': 3, 'Stop mishandling money': 3, 'Correct their mistakes': 3, 'Impartiality': 3, 'Fulfill their promises t': 3, 'They should focus on major issues': 3, 'Provide lavatory': 3, 'job creation and more infrastructure': 3, 'Create more utilities': 3, 'Provide more rubbish container': 3, 'Should be team support': 3, 'Increase campaign': 3, 'Create job opportunities': 3, 'Reduce the cost of living': 3, 'Do what they say': 3, 'Can win next time': 3, 'Not sure they will win again': 2, 'Stop the mining': 2, 'Stop the mining activity': 2, 'Job crea': 2, 'Job creation and more infrastructure projects': 2, 'Job Creation and more infrastructure': 2, 'Come out better policies': 2, 'Create water facility': 2, 'Help the town': 2, 'Provide educational facility': 2, 'Come out wo better policies': 2, 'Job Creation': 2, 'Job provision': 2, 'Should provide the needful for the community': 2, 'Manage the community well': 2, 'Provision of amenities': 2, 'Provide employment for the youth': 2, 'Fulfilling promises': 2, 'Better policies': 2, 'Fulfilling their promises': 2, 'Continue to work hard': 2, 'Good policies that will benefit the entire community': 2, 'Help improve the community': 2, 'Change his leaders': 2, 'Provide amenities': 2, 'Electricity extension and job creation': 2, 'Fulfill their': 2, 'Build lavatory': 2, 'Construct road': 2, 'Job provisions': 2, 'Does what he says': 2, 'More infrastructure and job': 2, 'Job opportunities': 2, 'Provide more lights': 2, 'Job creation and electricity': 2, 'Do whatever they promised': 2, 'Do what the citizens demand': 2, 'Effective communication and job creation': 2, 'Should create job opportunities': 2, 'Restore farm lands': 2, 'job creation': 2, 'more infrastructure': 2, ""They can't win again"": 2, 'Fulfill what they say': 2, 'Job creation, come out with best policies': 2, 'Provide the needs of the citizens': 2, 'Take faithful executive': 2, 'Create jobs for the youth': 2, 'Job creation, massive campaign': 2, 'Implement their policy': 2, 'Job creation and more infrastructure and network fixation': 2, 'Restore farm lands and job opportunities': 2, 'Fulfilling policies on time': 2, ""They'll never win"": 2, 'Continue free shs': 2, 'Provision of employment': 2, 'Network fixation and more infrastructure and job creation': 1, 'Everyone should vote': 1, ""They can't win"": 1, 'Better policy': 1, 'They must be vigilant': 1, 'So they should reduce inflation and dollar rates': 1, 'Better project': 1, 'They should elect better leaders': 1, ""Adom doesn't have any problem but next time he should come up with projects early"": 1, ""They will never win because they don't listen"": 1, 'There should team support': 1, 'Fulfilling people policies': 1, '62': 1, 'Should be careful about team': 1, 'Stop the sand winning': 1, 'Provide more water': 1, 'Should fulfill their promises': 1, 'Continue with the factory': 1, 'Job creation and roads': 1, 'They should bring more jobs': 1, 'They made stronger policies': 1, 'Do what the people need': 1, 'Be careful about delegates': 1, 'Provision of social amenities before election period': 1, 'More infrastructure and job development': 1, 'Job creation,massive campaign': 1, 'Depends on what will help the community': 1, 'Be careful with members and leaders': 1, 'Create jobs for the citizens': 1, 'Be careful about party members': 1, 'Fulfill their promises next time': 1, 'Selected people should partake in election not the whole country': 1, 'Should try to help the old,widows and widowers': 1, 'Reduce inflation, reduce dollar rates': 1, 'Change all leaders': 1, 'Open more companies': 1, 'Rectify their mistakes': 1, 'New Force will win definitely': 1, 'Be careful about those close to the mp': 1, 'Try to solve major problems': 1, 'Good projects that will benefit the entire community': 1, 'Job creation and portable roads': 1, 'Should careful about leaders and party members': 1, 'He should try harder': 1, 'Be careful of the leaders': 1, 'They should implement more policies': 1, 'NPP can not win again': 1, 'Provide with more jobs': 1, 'They should create': 1, ""I won't vote again"": 1, 'It depends on what the NDC will do': 1, 'Continue what he was doing': 1, 'Continue his loving deeds': 1, 'They should provide sufficient jobs': 1, 'Come out with best policies, fulfill their policies': 1, 'Do their corrections': 1, 'They should provide us youth with jobs': 1, 'Roads and job creation': 1, 'Give more machine': 1, 'More jobs': 1, 'Crazy more jobs': 1, 'Do what will help the community': 1, 'Do what will benefit everyone': 1, 'Depends on what the current MP will be': 1, 'Listen to what the citizens says': 1, 'Continue to do his good deeds': 1, 'Not being partial and also fulfilling their promises': 1, 'Should listen to advise There should be team support': 1, 'Madina': 1, 'Change his executive': 1, 'team work and job creation': 1, 'more infastractures': 1, 'Listen to advise': 1, 'Should have good policies': 1, 'Massive campaign': 1, 'Should apply more effort': 1, 'Do what ever they promise': 1, 'Manage the affairs of the state well': 1, 'To obey their promises': 1, 'Supply the community with their needs': 1, 'Depends on the performance': 1, 'Job creation and amenities': 1, 'Provide jobs and stop corruption': 1, 'Door to door camping and know what people needs': 1, 'Provide more bin': 1, 'Effective communication': 1, 'Job creation and school': 1, 'Create industry': 1, 'They should create job opportunities': 1, 'Increase campaign and light extension': 1, 'I do know': 1, 'Bring more street light': 1, 'Depends on the the current MP will do': 1, 'Grant loan and reduce cost of living': 1, 'Provide street light': 1, 'Provide moer amenities': 1, 'There should be low standard of living': 1, 'Job creation, come out with better policies': 1, 'Decrease inflation rate': 1, 'Try better': 1, 'They should address the community problems': 1, 'Provide more containers': 1, 'Try hardee': 1, 'Stronger promises': 1, 'God policies': 1, 'They should ensure peace': 1, 'Do their work well and provide more jobs': 1, 'Be careful about his leaders': 1, 'Solve major problems next time': 1, 'Depends on what NDC will do': 1, 'Fulfill their policies': 1, 'Reduce inflation': 1, 'Obey what the people says': 1, 'They should be careful about the party members': 1, 'There should be team support Provide the needful for the community': 1, 'Depends on what the current MP will': 1, 'Provide clean water': 1, 'Come out with better policies , job creation': 1, 'Fulfill': 1, 'Fulfill your promises': 1, 'Should make stronger promises': 1, 'Provision of amenities should be spread throughout the areas in the Upper West Akim constituency': 1, 'Provision of jobs and constructing good roads': 1, 'Good policies that will benefit the community': 1, 'Roads and job creation and electricity extension': 1, 'They should focus on key issues': 1, 'Fulfill their promises, come out with best policies': 1, 'Reduce cost of wood': 1, 'Come out better policies, job creation': 1, 'Job creation and garbage disposal a': 1, 'Provide necessary things': 1, 'Provide sufficient jobs and capitals': 1, 'Focus on major issues': 1, 'He should listen to the views and thoughts of his people': 1, 'They should campaign better': 1, 'Try more': 1, 'Continue what ever the formal MP will not complete': 1, 'Good roads and job creation': 1, 'Provide jobd': 1, 'Manage the stateÂ\x92s well': 1, 'Build pipes Borne water': 1, 'Provide public toilet': 1, 'Job creation, stop Mishandling the money': 1, 'Just bring peace': 1, 'Buy motor for the okada riders': 1, 'They should work on major issues': 1, 'They should work on our lavatory': 1, 'Build more lavatory': 1, 'Control sand winning': 1, 'NDC will always win': 1, 'Fulfill their promise Low standard of living': 1, ""They should do what's needed on time"": 1, 'Job creation and team work': 1, 'Developmental projects': 1, 'Be careful of party members': 1, 'Focus on what the youth needs': 1, 'They should provide employment to the youth': 1, 'They should work harder': 1, 'They should solve all problems in the community': 1, 'Job creation and light extension': 1, 'Try harder next time': 1, 'Do what is necessary': 1, 'DC area': 1, 'Provide what the citizens demand': 1, 'Stop mishandling mon': 1, 'Job creation, reduce inflation, fulfill their promises': 1, 'Should be careful and stop sharing of money': 1, 'Should be team support He should never give up': 1, 'Work very hard': 1, ""I don't know"": 1, 'They should open job vacancies': 1, 'Provide employment to the youth': 1, 'Stop destroying our lands': 1, 'More infrastructure and job Creation': 1, 'Low standard of living': 1, 'Fulfill their purpose': 1, 'Do what they citizens says': 1, 'Adom will definitely win': 1, 'should provide the needful for the community': 1, 'Obey their promises': 1, 'Do the needful for the community': 1, 'They should provide more jobs': 1, 'Development': 1, 'Depends on the developmental project': 1, 'Fulfill his promise': 1, 'Asuokaw': 1, 'They should be better in reaching out to the people': 1, 'Fulfill their promises, his team should help him': 1, 'Work idea': 1, 'Protect lands of farmers': 1, 'Continue from where the current MP stopped': 1, 'Fulfill their promises, reduce inflation': 1, 'Provision of more infrastructure': 1, 'More infrastructure': 1, 'Be able to manage the stateÂ\x92s affairs properly': 1, 'Work well': 1, 'Introduction of companies': 1, 'They should do their homework well': 1, 'Come out with a better policy': 1, 'Open job vacancies': 1, 'Reduce the cost of living and they were pompous': 1, 'Helping the community in developmental projects': 1, 'Solve the problems around': 1, 'Avoiding partiality': 1, 'Fulfill their work': 1, 'More infrastructure infrastructure': 1, 'They should be visible in reaching out to the people': 1, 'Create portable water': 1, 'Stability in the economy': 1, 'Provide potable water': 1, 'Continuity of projects': 1, 'They should provide social amenities': 1, 'Construction of health services': 1, 'Provision of jobs': 1, 'They should provide amenities': 1, 'Provide employment and source of clean water': 1, 'Construct market': 1, 'Good drinking water': 1, 'Should be careful of followers and party members': 1, 'Electricity pole extension': 1, 'They should be vigilant next time to prevent cheating': 1, 'Reduce the prices of items': 1, 'Fulfill their promises their promises': 1, 'They should support the aged': 1, 'Continuing community projects': 1, 'Provision of jobs and farming materials': 1, 'Do developmental works': 1, 'Help farmers with farming tools': 1, 'more infrastructure and job creation': 1, 'More jobs and development': 1, 'Create more portable water': 1, 'Visit most localities': 1, 'Supporting the youth': 1, 'Provide electricity': 1, 'Fulfill his promises': 1, 'Should work hard': 1, 'Come out better policies, change his leaders': 1, 'Reduce the cost on items': 1, 'Should provide social amenities': 1, 'Should change their leaders': 1, 'Depends on what ever the current MP will do': 1, 'Should provide social amenities like electricity, better education system and employment': 1, 'He should fulfill his promise': 1, 'They must focus on Agric and employment': 1, 'Provision of boreholes': 1, 'Job creation, clean water': 1, 'They should make more factories like the kotoku factory': 1, 'They should make better policies': 1, 'Contract the roads and obey their promises': 1, 'Creation jobs for the youth': 1, 'Provision of good drinking water': 1, 'They should fulfill their promise': 1, 'Job creation, handle money well': 1, 'Provide what the citizens says': 1, 'God will show': 1, 'Viable to know the needs of the people': 1, ""Restore farm land's and job Creation"": 1, 'Visible to know the problems': 1, 'More infrastructure and team work': 1, 'Help improve the town': 1, 'Come out with better policies,fulfill their promises': 1, 'Proper policies to benefit the entire community': 1, 'Build a public toilet': 1, 'Provide the lavatory': 1, 'Good policies to help the youth': 1, 'Can still win next time': 1, 'Asuotwene': 1, 'Do what the citizens needs': 1, 'Reduce inflation, job creation': 1, 'Help the community': 1, 'Provide potable drinking water': 1, 'Fulfill their promises,reduce inflation': 1, 'Better policies to help the people': 1, 'Create more educational facility': 1, 'Job creation and employment': 1, 'Job creation and infrastructure': 1, 'Provide education': 1, 'Asikasu': 1, 'Stop mismanaging money,job creation': 1, 'Visible to the people to know their problems': 1, 'Focus on the provision of social amenities': 1, ""They should do what's necessary"": 1, 'Do what the community needs': 1, 'Construction of the road': 1, 'Provide health facilities': 1, 'Should do better': 1, 'Depends on what the current MP': 1, 'Come out with better policies, job creation': 1, 'Providing good drinking water': 1, 'Fulfill their promises ,change his leaders': 1, 'Providing good drinking': 1, 'They should work with time': 1, ""I'll always vote NDC"": 1, 'Krodua': 1, 'Building more infrastructure': 1, 'Job creation and more': 1, 'Can do better next time': 1, 'They should help ease up inflation': 1, 'Do the work in the community': 1, 'Provisions of social amenities': 1, 'Do their homework': 1, 'Build a network poll': 1, 'Good policy': 1, 'Fulfill policies': 1, 'Abam': 1, 'Help the community in their needs': 1, 'Depends on what the current MP will do you': 1, 'Job creation and more infrastructure opportunities': 1, 'Stop mining activity': 1, 'Do what the citizens demands': 1, '32': 1, 'Job creation,stop Mishandling money': 1, 'Provide the needful for the community Fulfill their promise': 1, 'Support at work places and more opportunities': 1, 'Providing social amenities for the entire community': 1, 'Network fixation': 1, 'Fulfilling policies before election': 1, 'Good performance': 1, 'Providing amenities to all communities': 1, 'Providing social amenities': 1, 'Provide the water facility': 1, 'Solving the problem of poor network': 1, 'Avoid sharing money': 1, 'Continue construction of the road': 1, 'Kumi krom': 1, 'They should focus more on the youth': 1, 'Provide more road': 1, 'Network fixation and job opportunities': 1, 'Help farmers': 1, 'Factories': 1, 'Network fixation and job creation': 1, 'More infrastructure and job creation and network fixation': 1, 'Provide employment and social amenities i': 1, 'Network fixation and infrastructure': 1, 'Provision of social amenities on time': 1, 'Yes': 1, 'Provision of social amenities before election': 1, 'Continuing projects of previous government': 1, ""If Mahama doesn't do what he says"": 1, 'I donÂ\x92t know': 1, 'Be careful about people close to them': 1, 'They should continue policies': 1, 'They will never win again': 1, 'Keep their promises': 1, ""They won't win again"": 1, 'Fulfilling good policies on time': 1, 'Fulfilling policies before election period': 1, 'Fulfilling their policies': 1, 'Restore farm lands and support workers': 1, 'Fulfilling good policies': 1, 'Restore farm lands and more infrastructure': 1, 'They should focus on major problems': 1, 'They should make literates vote': 1, 'Work harder and be careful with party members': 1, 'Depend on NDC government': 1, 'Good promises': 1, 'Kantanyensua': 1, 'Fulfill their project Provide the needful for the community': 1, 'Can do better': 1, 'Provision of social amenities in various communities': 1, 'Fulfilling promises earlier before election period': 1}"
"('Suggestions_2028', 'top_5_values')","{'No Response': 1161, 'Fulfill their promise': 236, 'Fulfill their promises': 188, 'Job creation and more infrastructure': 162, 'Job creation': 108}"
"('Fair_Election_Results', 'unique_count')",4
"('Fair_Election_Results', 'value_counts')","{'Yes': 2377, 'No Response': 707, 'Dont know': 244, 'No': 126}"
"('Fair_Election_Results', 'top_5_values')","{'Yes': 2377, 'No Response': 707, 'Dont know': 244, 'No': 126}"
